{
  "openapi":"3.0.1",
  "info":{
    "title":"OpenAPI definition",
    "version":"v0"
  },
  "servers":[
    {
      "url":"http://localhost:8081",
      "description":"Generated server url"
    }
  ],
  "paths":{
    "/addUser":{
      "post":{
        "tags":[
          "api-contoller"
        ],
        "operationId":"addUser",
        "requestBody":{
          "content":{
            "application/json":{
              "schema":{
                "$ref":"#/components/schemas/ExampleBean"
              }
            }
          },
          "required":true
        },
        "responses":{
          "200":{
            "description":"OK",
            "content":{
              "*/*":{
                "schema":{
                  "$ref":"#/components/schemas/ExampleBean"
                }
              }
            }
          }
        }
      }
    },
    "/hello":{
      "get":{
        "tags":[
          "api-contoller"
        ],
        "operationId":"hello",
        "responses":{
          "200":{
            "description":"OK",
            "content":{
              "*/*":{
                "schema":{
                  "type":"string"
                }
              }
            }
          }
        }
      }
    },
    "/getbean":{
      "get":{
        "tags":[
          "api-contoller"
        ],
        "operationId":"getBean",
        "responses":{
          "200":{
            "description":"OK",
            "content":{
              "*/*":{
                "schema":{
                  "$ref":"#/components/schemas/ExampleBean"
                }
              }
            }
          }
        }
      }
    },
    "/getUser/{name}":{
      "get":{
        "tags":[
          "api-contoller"
        ],
        "operationId":"retrieve",
        "parameters":[
          {
            "name":"name",
            "in":"path",
            "required":true,
            "schema":{
              "type":"string"
            }
          }
        ],
        "responses":{
          "200":{
            "description":"OK",
            "content":{
              "*/*":{
                "schema":{
                  "type":"object"
                }
              }
            }
          }
        }
      }
    },
    "/getAllUsers":{
      "get":{
        "tags":[
          "api-contoller"
        ],
        "operationId":"getAllUsers",
        "responses":{
          "200":{
            "description":"OK",
            "content":{
              "*/*":{
                "schema":{
                  "type":"array",
                  "items":{
                    "$ref":"#/components/schemas/ExampleBean"
                  }
                }
              }
            }
          }
        }
      }
    },
    "/deleteAll":{
      "get":{
        "tags":[
          "api-contoller"
        ],
        "operationId":"removeAllUsers",
        "responses":{
          "200":{
            "description":"OK"
          }
        }
      }
    }
  },
  "components":{
    "schemas":{
      "ExampleBean":{
        "type":"object",
        "properties":{
          "address":{
            "type":"string"
          },
          "name":{
            "type":"string"
          },
          "dept":{
            "type":"string"
          }
        }
      }
    }
  }
}