{
  "swagger" : "2.0",
  "info" : {
    "title" : "EmpRestApi",
    "version" : "1.0.0",
    "description" : "EmpRestApi"
  },
  "paths" : {
    "/getemp/{id}" : {
      "get" : {
        "operationId" : "getId",
        "responses" : {
          "200" : {
            "description" : "The operation was successful.",
            "schema" : {
              "type" : "string"
            }
          }
        },
        "produces" : [ "application/json" ],
        "description" : "Retrieve id",
        "parameters" : [ {
          "required" : true,
          "name" : "id",
          "in" : "path",
          "type" : "string"
        } ]
      }
    },
    "/addemp" : {
      "post" : {
        "operationId" : "postAddemp",
        "responses" : {
          "200" : {
            "description" : "The operation was successful."
          }
        },
        "consumes" : [ "application/json" ],
        "produces" : [ "application/json" ],
        "description" : "Insert a addemp",
        "parameters" : [ {
          "name" : "body",
          "in" : "body",
          "schema" : {
            "type" : "string"
          },
          "description" : "The request body for the operation",
          "required" : true
        } ]
      }
    }
  },
  "basePath" : "/emprestapi/v1"
}